{"cameraMode":{"drawMode":0,"name":"Shaded","section":"Shading Mode"},"sceneLighting":false,"audioPlay":false,"sceneViewState":{"showFog":true,"showMaterialUpdate":false,"showSkybox":false,"showFlares":true,"showImageEffects":true,"showParticleSystems":true},"in2DMode":false,"pivot":{"x":771.5029907226563,"y":-5.3838043212890629,"z":-34.34703826904297},"rotation":{"x":-0.05574595183134079,"y":0.9072219729423523,"z":-0.12738420069217683,"w":-0.39700624346733096},"size":15.712128639221192,"orthographic":true}